,Name,Distance (mi),Moving Time (hr),Elevation Gain (ft),Average Heartrate (bpm),Average Power (w),Date,Day of the Week
0,Afternoon Ride,28.91,2.8,2791.99,,,2023-11-02,3
1,Afternoon Ride,24.29,2.04,2654.2,,,2023-11-01,2
2,pumkin,17.59,1.76,1863.52,,,2023-10-31,1
3,mtb on da road,73.79,4.86,6893.04,155.1,,2023-10-28,5
4,Morning Ride,5.84,0.47,226.38,,,2023-10-27,4
5,Afternoon Ride,29.13,2.26,2103.02,,,2023-10-26,3
6,Morning Ride,86.91,5.15,7306.43,154.0,196.0,2023-10-21,5
7,apple cider,27.62,2.29,1374.67,,118.0,2023-10-19,3
8,silliest of geese,61.32,3.06,2208.01,149.0,200.0,2023-10-17,1
9,Morning Ride,31.66,3.06,3674.54,130.6,,2023-10-15,6
10,:D,89.38,5.54,8484.25,157.1,196.0,2023-10-14,5
11,Morning Ride,5.79,0.46,177.17,,108.0,2023-10-13,4
12,Afternoon Ride,22.53,1.73,1381.23,,151.0,2023-10-12,3
13,Morning Ride,27.42,1.98,1499.34,125.9,152.0,2023-10-11,2
14,zoning out in z2,60.86,3.01,2208.01,145.7,209.0,2023-10-10,1
15,this was pleasant,45.24,3.55,4422.57,151.7,,2023-10-08,6
16,now now now,84.34,4.88,6286.09,154.7,197.0,2023-10-07,5
17,Morning Ride,11.08,1.08,1437.01,,,2023-10-06,4
18,Afternoon Ride,21.21,1.85,1151.57,,,2023-10-05,3
19,Morning Ride,61.34,3.06,2152.23,149.8,195.0,2023-10-03,1
20,Lunch Ride,45.43,3.96,5236.22,132.1,,2023-10-01,6
21,Morning Ride,80.31,4.33,4757.22,151.8,209.0,2023-09-30,5
22,Morning Ride,22.84,1.57,1213.91,,,2023-09-29,4
23,Morning Ride,26.66,1.8,2263.78,,174.0,2023-09-28,3
24,UCLA Social Ride,21.89,1.92,1502.62,,106.0,2023-09-27,2
25,Community Service,40.7,3.03,3057.74,130.8,,2023-09-26,1
26,Morning Ride,114.02,6.47,9963.25,148.9,203.0,2023-09-23,5
27,Morning Ride,21.6,1.7,1354.99,128.1,,2023-09-22,4
28,Afternoon Ride,45.41,4.39,5908.79,143.8,,2023-09-21,3
29,Morning Ride,53.38,3.56,4350.39,137.0,186.0,2023-09-20,2
30,Afternoon Ride,13.55,1.37,1653.54,166.3,,2023-09-19,1
31,2x Santa Cruz in Santa Cruz,21.46,2.5,3953.41,162.3,,2023-09-19,1
32,Lunch Ride,53.8,4.75,6476.38,153.0,,2023-09-16,5
33,Wheelie practice,5.87,0.66,396.98,,,2023-09-16,5
34,Afternoon Ride,13.74,1.55,1758.53,143.7,,2023-09-14,3
35,Bruh Moment,29.79,3.92,4796.59,158.2,,2023-09-13,2
36,Morning Ride,64.2,6.72,9317.59,143.8,,2023-09-09,5
37,Afternoon Ride,57.3,4.2,5213.25,132.2,161.0,2023-09-06,2
38,Afternoon Ride,35.95,3.37,4041.99,125.6,,2023-09-04,0
39,Morning Ride,24.78,2.75,2680.45,121.5,,2023-09-03,6
40,New Bike Day,61.65,6.15,7378.61,143.4,,2023-09-02,5
41,Afternoon Ride,57.12,4.23,5009.84,136.5,160.0,2023-08-30,2
42,Morning Ride,82.51,4.51,6332.02,152.5,205.0,2023-08-26,5
43,Morning Ride,53.54,4.23,5725.07,127.5,159.0,2023-08-25,4
44,Afternoon Ride,54.2,3.36,3024.93,144.8,170.0,2023-08-23,2
45,Another top 10 ride,56.11,3.58,5492.13,148.0,129.0,2023-08-22,1
46,Afternoon Ride,28.19,1.75,1584.65,121.8,155.0,2023-08-22,1
47,NOW+,96.1,5.39,7660.76,158.7,207.0,2023-08-19,5
48,Afternoon Ride,17.89,1.17,1279.53,,203.0,2023-08-18,4
49,Mt. Tallac,8.27,3.16,2351.71,,,2023-08-16,2
50,Morning Ride,64.21,3.81,5065.62,154.4,184.0,2023-08-14,0
51,Wholesome Folsom ,42.8,2.45,2500.0,144.2,,2023-08-13,6
52,Roasters ,100.32,5.74,5114.83,150.0,120.0,2023-08-12,5
53,Morning Ride,31.39,2.23,3015.09,148.2,207.0,2023-08-11,4
54,Afternoon Ride,26.39,1.66,1213.91,121.0,162.0,2023-08-06,6
55,Morning Ride,123.81,7.34,6515.75,139.7,185.0,2023-08-05,5
56,Morning Ride,40.08,2.73,4097.77,155.7,207.0,2023-08-04,4
57,Afternoon Ride,21.38,1.62,1853.67,126.4,169.0,2023-08-02,2
58,Afternoon Ride,62.11,4.36,5462.6,137.0,171.0,2023-07-31,0
59,Lunch Ride,62.77,4.57,5265.75,139.5,167.0,2023-07-29,5
60,Wherefore art thou Romeo?,83.68,4.65,2290.03,,209.0,2023-07-25,1
61,Afternoon Ride,6.16,0.58,167.32,,98.0,2023-07-24,0
62,Morning Ride,93.48,6.03,8333.33,,211.0,2023-07-23,6
63,Afternoon Ride,13.4,0.55,6.56,,61.0,2023-07-22,5
64,STELVIO,13.06,1.72,5075.46,,193.0,2023-07-22,5
65,Morning Ride,110.33,5.61,4153.87,143.0,177.0,2023-07-19,2
66,Morning Ride,30.72,2.06,2162.07,135.1,161.0,2023-07-18,1
67,buongiorno fragolina,93.95,4.85,2224.41,151.4,174.0,2023-07-17,0
68,Are ev vwa ,62.03,3.67,3727.03,149.4,175.0,2023-07-14,4
69,Morning Ride,36.8,2.39,2496.72,138.9,169.0,2023-07-12,2
70,Lunch Ride,37.53,3.13,695.54,94.3,73.0,2023-07-11,1
71,MADONE ,92.38,5.61,4714.57,151.3,173.0,2023-07-10,0
72,Reunited with Slava ü•∫,75.38,4.8,3261.15,144.0,172.0,2023-07-07,4
73,Lunch Ride,55.96,3.74,4064.96,153.1,169.0,2023-07-06,3
74,O√π se trouvent les toilettes,30.53,2.17,3208.66,146.7,173.0,2023-07-05,2
75,Morning Ride,18.75,1.81,1683.07,,135.0,2023-07-02,6
76,‚ÄúRoasters‚Äù,98.07,6.02,7119.42,156.7,194.0,2023-07-01,5
77,Morning Ride,29.25,2.2,2874.02,136.3,234.0,2023-06-30,4
78,Evening Ride,22.34,1.09,1377.95,174.9,223.0,2023-06-30,4
79,Afternoon Ride,19.83,2.18,2273.62,,,2023-06-28,2
80,Afternoon Ride,53.69,3.31,4399.61,153.8,174.0,2023-06-27,1
81,Afternoon Ride,71.11,3.72,4294.62,160.9,175.0,2023-06-26,0
82,Afternoon Ride,10.2,1.48,2263.78,143.6,,2023-06-25,6
83,Morning Ride,34.88,2.48,2588.58,130.0,148.0,2023-06-23,4
84,Lunch Ride,71.08,3.76,4137.14,163.1,176.0,2023-06-22,3
85,Lunch Ride,34.17,2.08,2385.17,156.8,143.0,2023-06-20,1
86,Proper farewell ,45.35,2.9,3238.19,153.5,197.0,2023-06-15,3
87,Le Tour Guide ,93.87,6.48,10108.27,148.2,184.0,2023-06-10,5
88,Morning Ride,138.08,9.09,10301.84,145.3,732.0,2023-06-03,5
89,Closed on Tuesdays,67.17,4.86,8185.7,141.7,163.0,2023-05-30,1
90,Morning Ride,104.04,5.13,4471.78,154.5,203.0,2023-05-28,6
91,Morning Ride,102.48,5.0,2883.86,162.2,211.0,2023-05-27,5
92,Afternoon Ride,26.75,2.06,2621.39,156.3,,2023-05-26,4
93,Afternoon Ride,29.76,1.82,2230.97,139.6,175.0,2023-05-23,1
94,Afternoon Ride,54.49,2.89,2165.35,152.3,193.0,2023-05-21,6
95,Morning Ride,84.78,3.92,2657.48,165.5,214.0,2023-05-20,5
96,Morning Ride,12.72,0.9,505.25,,127.0,2023-05-19,4
97,Morning Ride,82.81,4.85,6627.3,153.3,192.0,2023-05-13,5
98,Morning Ride,35.66,3.17,4609.58,146.7,,2023-05-10,2
99,Afternoon Ride,30.88,2.88,4307.74,156.6,,2023-05-08,0
100,Morning Ride,87.73,5.21,7506.56,154.7,201.0,2023-05-06,5
101,Afternoon Ride,33.33,3.13,3835.3,148.4,,2023-05-05,4
102,Afternoon Ride,23.14,1.96,2795.28,152.1,,2023-05-02,1
103,Morning Ride,77.8,4.05,5396.98,165.8,218.0,2023-04-29,5
104,Morning Ride,16.18,1.29,1207.35,,,2023-04-28,4
105,Morning Ride,28.99,2.39,3336.61,152.9,,2023-04-27,3
106,Lunch Ride,45.78,3.98,4901.57,156.8,,2023-04-22,5
107,Afternoon Ride,32.87,2.44,3310.37,,177.0,2023-04-21,4
108,Waffle ,125.25,8.47,10262.47,157.8,182.0,2023-04-16,6
109,üáßüá™üßá,27.19,1.98,2814.96,148.6,181.0,2023-04-14,4
110,What the fog ,38.09,2.53,2936.35,145.3,171.0,2023-04-09,6
111,Morning Ride,83.53,5.39,8651.58,158.3,177.0,2023-04-08,5
112,21 üéÇüéà,97.47,6.63,10127.95,157.2,193.0,2023-04-04,1
113,Afternoon Ride,36.69,2.74,3881.23,143.2,187.0,2023-03-31,4
114,Morning Ride,78.78,5.32,8375.98,157.3,188.0,2023-03-30,3
115,Le Coast: Day 3 ,54.88,3.48,3576.12,,152.0,2023-03-27,0
116,Le Coast: Day 2 ,101.78,7.54,7017.72,141.8,164.0,2023-03-26,6
117,Le Coast: Day 1 ,104.62,6.96,5098.43,139.6,148.0,2023-03-25,5
118,Morning Ride,24.01,1.9,2234.25,,142.0,2023-03-16,3
119,Santa Barbara RR ,43.51,1.89,1948.82,164.5,224.0,2023-03-11,5
120,Afternoon Run,10.61,1.59,731.63,159.8,,2023-03-09,3
121,Lunch Ride,22.99,1.66,2270.34,139.4,164.0,2023-03-07,1
122,Afternoon Ride,17.19,0.68,305.12,,233.0,2023-03-05,6
123,24 x 30s ,40.46,2.41,3740.16,154.2,207.0,2023-03-04,5
124,Morning Run,4.7,0.69,187.01,159.3,,2023-03-03,4
125,Morning Ride,44.56,2.95,4583.33,156.3,206.0,2023-03-02,3
126,Afternoon Ride,17.04,0.66,360.89,,246.0,2023-02-26,6
127,Morning Ride,13.15,0.51,232.94,182.1,259.0,2023-02-26,6
128,33 degrees and raining ,22.03,1.89,2316.27,,,2023-02-25,5
129,Afternoon Run,8.09,1.2,784.12,165.9,,2023-02-24,4
130,Vibrant ,112.44,6.51,10032.81,158.5,188.0,2023-02-20,0
131,Afternoon Ride,27.21,2.38,3339.9,155.8,,2023-02-19,6
132,Lunch Ride,64.82,3.52,2887.14,152.3,182.0,2023-02-18,5
133,Morning Ride,24.97,2.05,2595.14,155.1,,2023-02-17,4
134,Zwift ,29.71,1.51,843.18,132.8,160.0,2023-02-16,3
135,Morning Ride,88.67,5.55,8175.85,155.5,182.0,2023-02-07,1
136,Belly full of salmon ,18.6,1.2,1446.85,141.4,171.0,2023-02-07,1
137,Piuma -> Saddle Peak,9.73,3.43,2627.95,108.1,,2023-02-05,6
138,Morning Ride,68.96,3.64,4186.35,159.0,218.0,2023-02-04,5
139,Worth skipping class üòÆ‚Äçüí®ü§å,23.19,1.93,2339.24,144.4,,2023-02-03,4
140,Morning Ride,20.17,1.5,1463.25,124.0,134.0,2023-02-02,3
141,Afternoon Ride,66.4,4.07,5203.41,156.6,184.0,2023-02-01,2
142,Morning Ride,51.68,2.76,2421.26,156.7,202.0,2023-01-31,1
143,Morning Ride,36.45,2.31,3277.56,151.4,181.0,2023-01-29,6
144,Morning Ride,67.51,4.15,6161.42,165.7,184.0,2023-01-28,5
145,Morning Ride,23.33,1.64,1532.15,,,2023-01-27,4
146,Sorfing,0.35,0.17,318.24,101.7,,2023-01-26,3
147,Afternoon Run,11.24,1.75,403.54,159.0,,2023-01-22,6
148,NOW-ish,16.65,0.86,219.82,149.7,196.0,2023-01-21,5
149,Coffee Run ,5.36,0.76,160.76,166.8,,2023-01-20,4
150,Afternoon Ride,25.33,1.62,2152.23,152.3,184.0,2023-01-19,3
151,Morning Run,5.2,0.74,173.88,171.1,,2023-01-18,2
152,Morning Run,3.41,0.5,229.66,112.1,,2023-01-17,1
153,Afternoon Ride,30.94,2.18,2500.0,137.1,157.0,2023-01-16,0
154,PNS Mt. Tamalopolis,61.22,4.19,5265.75,107.6,194.0,2023-01-15,6
155,Zwift - 60min Riders Choice on Volcano Circuit in France,11.92,1.01,505.25,,79.0,2023-01-12,3
156,Zwift - Netflix Pace  in Richmond,38.63,2.01,505.25,124.9,156.0,2023-01-11,2
157,Zwift - Endurance in Watopia,29.08,2.09,1473.1,136.8,163.0,2023-01-10,1
158,Zwift - Road to Sky in Watopia,11.09,1.02,583.99,110.9,122.0,2023-01-08,6
159,Zwift - Road to Sky in Watopia,12.84,1.93,3467.85,118.7,140.0,2023-01-07,5
160,Afternoon Walk,13.64,4.19,892.39,99.5,,2023-01-06,4
161,Afternoon Run,2.05,0.28,118.11,158.0,,2023-01-03,1
162,Lunch Ride,35.75,2.39,2673.88,108.6,186.0,2023-01-03,1
163,Afternoon Run,4.78,0.69,223.1,170.1,,2023-01-02,0
164,Afternoon Run,5.64,0.77,291.99,167.3,,2023-01-01,6
165,Afternoon Ride,22.16,1.46,997.38,121.1,170.0,2023-01-01,6
166,Afternoon Run,7.43,1.09,531.5,169.0,,2022-12-31,5
167,Afternoon Run,1.84,0.26,192.26,,,2022-12-29,3
168,Lunch Run,1.72,0.25,191.93,,,2022-12-26,0
169,Lunch Run,4.17,0.72,458.66,,,2022-12-24,5
170,Lunch Run,2.11,0.31,196.85,,,2022-12-23,4
171,Afternoon Ride,31.37,2.27,2634.51,,179.0,2022-12-21,2
172,Afternoon Walk,17.16,4.51,874.02,,,2022-12-19,0
173,Perhaps a MAAP small was overly ambitious ü´É,47.06,3.11,3809.06,,183.0,2022-11-29,1
174,"Peace out, girl scout ",29.18,2.28,2808.4,,174.0,2022-11-27,6
175,Social Friday,91.67,6.37,9022.31,,193.0,2022-11-25,4
176,Turkey,20.51,1.98,1761.81,,119.0,2022-11-24,3
177,Things and stuff and stuff and things ,27.76,1.79,1932.41,,191.0,2022-11-23,2
178,Impromptu boys trip to Ojai ,92.13,5.8,9343.83,,167.0,2022-11-20,6
179,Morning Ride,59.96,3.92,3717.19,,185.0,2022-11-19,5
180,Sub-threshold + vo2 ,30.8,1.83,2667.32,,215.0,2022-11-17,3
181,Afternoon Ride,20.61,1.78,2791.99,,,2022-11-16,2
182,Afternoon Ride,30.44,1.89,2401.57,,190.0,2022-11-15,1
183,Morning Ride,45.09,2.58,3438.32,,203.0,2022-11-13,6
184,Morning Ride,49.68,3.45,4169.95,,151.0,2022-11-12,5
185,Morning Walk,2.9,0.83,9.84,,,2022-11-11,4
186,47¬∞ never felt this good,25.74,1.95,2585.3,,175.0,2022-11-04,4
187,Afternoon Ride,20.53,1.44,1988.19,,182.0,2022-11-03,3
188,Afternoon Ride,45.69,2.69,3871.39,,200.0,2022-11-01,1
189,Morning Ride,68.1,4.32,5846.46,,,2022-10-30,6
190,Afternoon Ride,29.47,1.99,2398.29,,148.0,2022-10-28,4
191,Zwift - Pace Partner Ride: Three Little Sisters in Watopia with Maria,19.34,1.03,1328.74,,198.0,2022-10-28,4
192,Zwift - Endurance in Watopia,28.34,1.34,1167.98,,211.0,2022-10-27,3
193,Morning Ride,45.4,2.52,3300.53,,204.0,2022-10-23,6
194,Afternoon Ride,24.71,2.29,2591.86,,,2022-10-22,5
195,UCLA ‚òïÔ∏è,11.46,0.75,374.02,,136.0,2022-10-21,4
196,Afternoon Ride,18.02,1.9,1971.78,,,2022-10-20,3
197,Morning Ride,27.27,1.6,2021.0,,196.0,2022-10-19,2
198,Post Midterm ,31.78,2.97,3763.12,,,2022-10-17,0
199,NOW & Latigo,79.63,4.5,5767.72,156.1,210.0,2022-10-15,5
200,Morning Ride,11.13,0.81,380.58,,,2022-10-14,4
201,Morning Ride,27.59,1.77,2021.0,138.4,186.0,2022-10-13,3
202,Vo2 ,29.26,1.8,2578.74,149.6,196.0,2022-10-12,2
203,Evening Ride,13.65,1.04,334.65,,,2022-10-11,1
204,Weekly Drop Sesh ,76.72,3.93,4599.74,162.3,216.0,2022-10-08,5
205,Morning Ride,25.52,1.69,2086.61,137.1,153.0,2022-10-06,3
206,Morning Ride,30.55,1.82,2296.59,136.7,200.0,2022-10-05,2
207,Morning Ride,37.89,1.85,429.79,140.7,181.0,2022-10-04,1
208,Afternoon Ride,24.49,2.41,2788.71,124.1,,2022-10-03,0
209,Morning Ride,120.7,7.77,5298.56,114.4,129.0,2022-10-02,6
210,Morning Ride,91.95,4.96,6804.46,154.3,206.0,2022-10-01,5
211,Afternoon Ride,26.36,2.35,2450.79,126.3,,2022-10-01,5
212,The Birthday Squad ,27.93,1.8,1738.85,,110.0,2022-09-30,4
213,Morning Ride,31.05,1.98,2227.69,133.8,252.0,2022-09-29,3
214,Afternoon Ride,25.12,1.42,2053.81,158.1,220.0,2022-09-28,2
215,UCLA dinner ride ,15.74,1.22,636.48,,,2022-09-27,1
216,Morning Ride,26.06,1.61,1522.31,139.1,160.0,2022-09-27,1
217,Afternoon Ride,32.32,2.05,2332.68,152.0,201.0,2022-09-27,1
218,Morning Ride,60.61,3.73,4790.03,155.6,210.0,2022-09-25,6
219,Z2,56.08,2.95,1738.85,158.3,173.0,2022-09-24,5
220,Morning Ride,25.89,1.75,1886.48,,168.0,2022-09-23,4
221,Lunch Ride,18.25,1.13,1328.74,,173.0,2022-09-22,3
222,JSV Birthday Edition ,32.77,2.2,2831.36,,184.0,2022-09-16,4
223,Another pair of glasses tragically lost to the helmet aesthetic ,54.79,3.52,5206.69,,230.0,2022-09-15,3
224,My redemption arc begins now ,29.13,1.77,2408.14,,224.0,2022-09-14,2
225,Evening Ride,18.29,1.5,1302.49,,147.0,2022-09-13,1
226,Morning Ride,47.75,2.66,3343.18,,225.0,2022-09-11,6
227,Morning Ride,64.33,4.33,5255.91,121.2,194.0,2022-09-10,5
228,Essentially a new bike day ,20.85,1.44,1578.08,,180.0,2022-09-09,4
229,Morning Ride,28.34,1.66,2073.49,142.9,171.0,2022-09-07,2
230,Morning Ride,14.71,2.06,2414.7,,,2022-09-04,6
231,I pay all these taxes and yet the roads are still unpaved smh ,31.21,2.97,3458.01,151.9,,2022-09-03,5
232,Evening Ride,19.56,1.48,1341.86,146.3,,2022-09-01,3
233,Cracked my bottom bracket ,72.36,5.2,8723.75,145.3,190.0,2022-08-27,5
234,God gives the wettest days to only his most incapable bike handlers ,31.45,2.04,2696.85,155.6,221.0,2022-08-26,4
235,Afternoon Ride,23.42,1.47,1190.94,144.4,238.0,2022-08-26,4
236,Mikes Bikes CdP,52.46,3.29,4849.08,159.3,219.0,2022-08-24,2
237,Sanpranpisco ,26.13,1.97,2339.24,132.5,180.0,2022-08-24,2
238,Contre la montre ,70.85,3.4,4005.91,169.7,211.0,2022-08-21,6
239,Openers ,17.79,0.89,403.54,156.4,185.0,2022-08-20,5
240,Should‚Äôve worn the brown bibs ,21.24,2.01,2572.18,149.7,,2022-08-19,4
241,Sunrise üì∏,21.0,1.46,459.32,118.3,128.0,2022-08-18,3
242,Specialized Bundy Loop,22.83,1.54,1223.75,131.1,179.0,2022-08-18,3
243,Mediocre 3x10min ,30.15,1.78,2454.07,149.4,223.0,2022-08-16,1
244,Morning Run,3.23,0.41,92.52,,,2022-08-15,0
245,Lunch Ride,22.63,1.39,1827.43,152.6,182.0,2022-08-13,5
246,$7 caprese sandwich ,26.54,1.56,554.46,,167.0,2022-08-12,4
247,What a mess ,23.73,1.47,1617.45,143.3,207.0,2022-08-12,4
248,Morning Run,2.21,0.43,16.08,,,2022-08-09,1
249,Waimoku Falls ü•æ,5.22,2.15,841.86,,,2022-08-08,0
250,HaleakalƒÅ üåã,35.52,4.02,10072.18,170.9,207.0,2022-08-07,6
251,Morning Run,2.11,0.46,12.8,,,2022-08-05,4
252,Morning Ride,21.02,1.04,423.23,157.0,198.0,2022-08-05,4
253,Specialized Shop Ride ,20.73,1.4,1164.7,127.8,170.0,2022-08-04,3
254,Mid-work company run ,3.82,0.49,207.35,174.3,,2022-08-02,1
255,Morning Ride,97.83,6.45,11076.12,157.7,203.0,2022-07-30,5
256,Evening Ride,26.35,1.63,2158.79,134.3,219.0,2022-07-27,2
257,Afternoon Ride,22.2,2.15,2309.71,,,2022-07-26,1
258,Morning Ride,107.11,7.23,11532.15,156.0,187.0,2022-07-23,5
259,Less of an ouch today ,29.16,1.94,2552.49,140.5,227.0,2022-07-22,4
260,Evening Ride,14.26,0.86,344.49,120.5,150.0,2022-07-21,3
261,It was only time until I failed a workout ,42.16,2.53,2798.56,144.1,209.0,2022-07-20,2
262,Haircut time ,7.33,0.67,157.48,,69.0,2022-07-17,6
263,NOW ,95.51,5.19,4498.03,144.6,206.0,2022-07-16,5
264,Be me. Record Sullivan on GoPro. Go insanely fast and get awesome video. Hell yeah. Realize you didn‚Äôt press record. Nice! ,22.07,2.04,2224.41,,,2022-07-16,5
265,Bicicleta por la ma√±ana ,11.61,0.88,495.41,108.5,118.0,2022-07-15,4
266,Ouch ,30.59,2.01,2244.09,142.7,211.0,2022-07-15,4
267,Ouch ,37.05,2.21,3090.55,147.3,227.0,2022-07-13,2
268,Evening Ride,15.55,1.69,536.75,,71.0,2022-07-12,1
269,Morning Ride,28.75,1.78,2493.44,134.4,195.0,2022-07-10,6
270,Morning Ride,100.15,5.7,7066.93,152.0,206.0,2022-07-09,5
271,Evening Ride,25.51,2.37,3149.61,131.5,,2022-07-09,5
272,Morning Ride,24.58,1.53,367.45,117.1,136.0,2022-07-08,4
273,4x3 + Marina ,33.4,2.06,1791.34,143.7,210.0,2022-07-08,4
274,Evening Ride,18.59,1.48,1325.46,106.3,130.0,2022-07-07,3
275,2x15 ,32.73,1.91,2181.76,144.5,221.0,2022-07-06,2
276,Checked the fire. It works üëç,13.39,1.13,1200.79,,,2022-07-05,1
277,4th with the family ,43.31,3.62,3143.04,,,2022-07-04,0
278,Evening Ride,18.46,1.46,1295.93,114.1,138.0,2022-07-04,0
279,Morning Ride,75.81,4.38,5705.38,151.0,205.0,2022-07-02,5
280,Afternoon Ride,16.42,1.75,2513.12,,,2022-07-02,5
281,Morning Ride,26.26,1.54,459.32,134.2,149.0,2022-07-01,4
282,4x2,21.83,1.44,1879.92,146.9,216.0,2022-07-01,4
283,Evening Ride,26.43,2.04,2627.95,141.8,,2022-06-30,3
284,3x10 ,32.43,1.89,2703.41,152.9,228.0,2022-06-29,2
285,Taking Tony out for a run ,4.14,0.71,206.69,,62.0,2022-06-28,1
286,Rapha Mt. Wilson Club Ride,38.47,2.89,4724.41,150.1,179.0,2022-06-27,0
287,Morning Ride,26.33,1.53,1942.26,142.1,207.0,2022-06-26,6
288,Luft shop ride ,57.1,3.43,3769.69,152.0,196.0,2022-06-25,5
289,Evening Ride,20.51,1.74,2230.97,,,2022-06-25,5
290,Afternoon Ride,17.05,2.18,2536.09,,,2022-06-24,4
291,Evening Ride,27.09,2.29,2819.55,,,2022-06-23,3
292,Sutro ,9.36,1.27,1630.58,153.6,,2022-06-20,0
293,Le Father‚Äôs Day ,24.87,2.19,1706.04,114.9,139.0,2022-06-19,6
294,Afternoon Ride,24.12,1.54,1476.38,145.8,198.0,2022-06-18,5
295,JSV ü•ê,33.86,2.17,3202.1,161.5,230.0,2022-06-17,4
296,Lunch Ride,1.19,0.56,295.93,,,2022-06-15,2
297,Morning Ride,63.97,3.94,4143.7,143.0,165.0,2022-06-14,1
298,Morning Ride,44.68,2.53,3169.29,159.3,216.0,2022-06-13,0
299,Lunch Ride,6.47,0.36,246.06,,160.0,2022-06-12,6
300,Morning Ride,54.73,3.27,4481.63,166.5,192.0,2022-06-11,5
301,Homewood and back with the padre ,40.34,3.23,3179.13,124.2,134.0,2022-06-10,4
302,Lunch Ride,33.47,2.33,4064.96,157.7,199.0,2022-06-07,1
303,Evening Ride,11.1,1.2,1666.67,,124.0,2022-06-07,1
304,Final exam at 8am on a Sunday. Thanks UCLA!,1.71,0.42,155.84,,,2022-06-05,6
305,Le coffee ,15.62,1.13,1076.12,,157.0,2022-06-03,4
306,40/20,23.0,1.56,2611.55,,216.0,2022-06-01,2
307,Lunch Ride,19.79,1.47,1479.66,,156.0,2022-05-29,6
308,"Bye Slava. Dead, but not forgotten. ",113.16,7.3,11033.46,148.6,199.0,2022-05-28,5
309,ü•∫ü•∫ü•∫ü•∫ü•∫ü•∫ü•∫,15.89,1.11,1125.33,,174.0,2022-05-27,4
310,Afternoon Ride,26.07,1.56,2299.87,151.0,218.0,2022-05-26,3
311,Morning Ride,1.84,0.15,160.76,,181.0,2022-05-26,3
312,Mad cuz bad ,9.94,0.57,728.35,147.0,220.0,2022-05-25,2
313,Afternoon Ride,18.61,1.14,1282.81,142.7,201.0,2022-05-23,0
314,LAX Circuit Race 3/4,18.81,0.73,488.85,172.2,246.0,2022-05-22,6
315,Lunch Ride,10.76,0.68,265.75,122.6,141.0,2022-05-22,6
316,Morning Ride,80.64,4.46,5823.49,159.6,220.0,2022-05-21,5
317,Morning Ride,16.9,1.13,1033.46,134.3,183.0,2022-05-20,4
318,Morning Ride,34.56,1.96,2929.79,155.2,232.0,2022-05-18,2
319,VOTuesday‚Ñ¢Ô∏è **almost** thwarted by a nasty headache but we persevere ,29.34,1.73,2463.91,153.2,228.0,2022-05-18,2
320,Evening Ride,15.22,1.09,383.86,,133.0,2022-05-17,1
321,That post exam(s) spin ,36.24,2.01,2427.82,163.9,214.0,2022-05-16,0
322,Morning Ride,33.73,2.05,2060.37,147.0,198.0,2022-05-15,6
323,Morning Ride,61.17,3.54,4071.52,167.2,202.0,2022-05-14,5
324,Zone 0 Mandy with Chiggi ,18.52,1.28,1387.8,134.5,158.0,2022-05-10,1
325,Lunch Ride,30.14,2.02,557.74,115.8,130.0,2022-05-08,6
326,Post ü§íü§ß,38.85,2.3,3435.04,164.6,215.0,2022-05-07,5
327,BWR ,134.77,9.61,11131.89,155.7,185.0,2022-04-30,5
328,Morning Ride,11.09,0.86,314.96,,101.0,2022-04-29,4
329,My grand foray into gravel ,31.25,2.33,2480.32,153.5,201.0,2022-04-26,1
330,‚òïÔ∏è,23.28,1.37,1519.03,,208.0,2022-04-22,4
331,Afternoon Ride,35.32,2.14,2706.69,155.4,214.0,2022-04-22,4
332,Morning Ride,19.99,1.29,1827.43,136.2,206.0,2022-04-19,1
333,Afternoon Ride,18.66,1.31,1361.55,,160.0,2022-04-19,1
334,Nichols ,41.24,2.25,3195.54,152.5,233.0,2022-04-17,6
335,UCSB Road Race ,43.52,1.87,2030.84,170.2,254.0,2022-04-16,5
336,‚òïÔ∏è + 1min effort ,14.05,0.92,688.98,138.3,219.0,2022-04-15,4
337,Morning Ride,35.23,2.03,3051.18,,232.0,2022-04-13,2
338,CBR: 2nd race of the day,12.05,0.46,337.93,180.5,269.0,2022-04-10,6
339,CBR ,16.52,0.65,472.44,179.4,238.0,2022-04-10,6
340,NOW ,67.01,3.34,2811.68,156.0,222.0,2022-04-09,5
341,‚òïÔ∏è,10.34,0.57,334.65,,189.0,2022-04-08,4
342,"Either my power meter is not calibrated, I can‚Äôt handle heat, or I lost all fitness in the span of 2 days. ",56.67,3.6,3832.02,154.9,190.0,2022-04-07,3
343,Afternoon Ride,41.9,2.99,1853.67,130.4,153.0,2022-04-06,2
344,Birthday Mandeville ,18.98,1.08,1400.92,153.8,227.0,2022-04-04,0
345,I woke up at 11:30 ,54.13,3.37,4448.82,156.9,226.0,2022-04-02,5
346,‚òïÔ∏è,12.15,0.77,492.13,134.2,176.0,2022-04-01,4
347,Afternoon Ride,33.92,2.12,3480.97,161.7,224.0,2022-03-31,3
348,Intervals ,29.52,1.8,2260.5,151.8,238.0,2022-03-30,2
349,I had to ask my roommate to hide the sweets because at this rate my w/kg would be in the 2‚Äôs,18.13,1.13,1354.99,145.3,186.0,2022-03-29,1
350,JSV Ride! ,31.19,2.09,2847.77,155.0,229.0,2022-03-25,4
351,Showing Anna around SF ,82.29,6.12,8426.51,152.0,189.0,2022-03-23,2
352,Afternoon Ride,14.89,1.2,1345.14,,,2022-03-20,6
353,Lunch Ride,69.77,4.2,6440.29,,,2022-03-19,5
354,Solo fernwood post coffee ,40.53,2.36,3303.81,,,2022-03-18,4
355,I made fun of Anna for having to charge her speedplay power meter the other day and today my battery died,30.87,2.08,2024.28,143.5,,2022-03-17,3
356,Morning Ride,18.53,1.4,872.7,,,2022-03-14,0
357,Morning Ride,100.89,6.13,8428.48,160.3,211.0,2022-03-12,5
358,New handlebar day ,9.18,0.62,439.63,,168.0,2022-03-11,4
359,Intervals ,43.18,2.69,3822.18,,219.0,2022-03-09,2
360,Lunch Ride,7.77,0.57,262.47,,129.0,2022-03-08,1
361,End of an era ,34.61,2.14,3907.48,155.4,229.0,2022-03-05,5
362,Lunch Ride,1.95,0.12,19.69,,154.0,2022-03-04,4
363,Lunch Ride,1.54,0.15,137.8,,157.0,2022-03-04,4
364,Afternoon Ride,39.88,2.34,2952.76,154.7,224.0,2022-03-03,3
365,10 x 30s ‚Äòmax‚Äô effort ,23.74,1.46,1620.73,155.2,217.0,2022-03-02,2
366,Another day another flat another tube ruined another tire ruined another ride ruined another another another another (say it enough so it doesn‚Äôt sound like a word anymore) ,20.01,1.08,1095.8,157.5,233.0,2022-03-01,1
367,Pops came to visit üòé,32.3,3.1,2647.64,111.7,109.0,2022-02-27,6
368,Morning Ride,24.91,1.63,2103.02,147.9,193.0,2022-02-27,6
369,UCLA x Subaru SM x Phil Gaimon crossover episode ,64.29,4.17,7076.77,,218.0,2022-02-26,5
370,Afternoon Ride,1.67,0.07,9.84,,272.0,2022-02-25,4
371,Cleat broke 1st lap. Did the entire race not clipped in on the left side. Better last than to not finish I guess üòï,14.43,0.64,577.43,177.4,251.0,2022-02-20,6
372,Morning Ride,10.15,0.42,255.91,179.2,237.0,2022-02-20,6
373,UCLA Road Race ,24.85,1.33,2939.63,175.8,265.0,2022-02-19,5
374,Blowing up the coffee ride ,13.26,0.79,616.8,,219.0,2022-02-18,4
375,Pre-pre race spin down ,20.77,1.21,1860.24,160.2,221.0,2022-02-17,3
376,Morning Ride,25.95,1.75,1935.7,,173.0,2022-02-15,1
377,Morning Ride,55.31,3.16,4232.28,151.3,210.0,2022-02-13,6
378,Zone 1 recovery but longer and hotter than anticipated,52.41,3.71,4406.17,133.6,170.0,2022-02-12,5
379,Morning Ride,9.31,0.64,305.12,,158.0,2022-02-11,4
380,The weekly UCLA cycling Greek food night ride as created by slava and yours truly ,14.3,1.08,600.39,,137.0,2022-02-11,4
381,Intervals ,47.03,2.91,4281.5,158.5,219.0,2022-02-10,3
382,"On February 9th 2022, all LA drivers decided unanimously to fucking suck at driving ",27.7,1.7,1912.73,148.5,190.0,2022-02-09,2
383,Point: my disc brakes are rubbing. Counterpoint: my music isn‚Äôt loud enough ,22.24,1.34,1345.14,150.2,205.0,2022-02-08,1
384,CBR Cat 4/5,11.32,0.44,390.42,,261.0,2022-02-06,6
385,First ever crit: 3rd place ,11.94,0.48,426.51,,267.0,2022-02-06,6
386,Pre race zone 2 with sprints ,23.52,1.51,748.03,143.3,179.0,2022-02-05,5
387,Morning Ride,9.39,0.62,396.98,131.2,150.0,2022-02-04,4
388,Day 697 and still no girl has asked me what my ftp is üòî,19.36,1.19,1407.48,140.0,194.0,2022-02-03,3
389,What the gov won‚Äôt tell you is that ketchup packets are an adequate substitute for gels ,21.58,1.41,1702.76,151.0,221.0,2022-02-02,2
390,Morning Ride,41.36,2.98,3083.99,139.7,191.0,2022-02-01,1
391,Yesterday I forgot that dogs are categorized by breeds so I asked a woman what model her dog was ,20.95,1.41,1988.19,136.9,206.0,2022-01-30,6
392,Afternoon Ride,15.54,0.8,429.79,150.6,188.0,2022-01-29,5
393,Respectable metrics given 3 hours of sleep and a headache ,61.86,3.95,6148.29,160.2,221.0,2022-01-29,5
394,Evening Ride,17.05,1.82,505.25,,103.0,2022-01-28,4
395,Idk man I‚Äôm not feeling too good but perhaps it‚Äôs because I didn‚Äôt shave my legs ,29.91,1.71,2427.82,155.7,229.0,2022-01-27,3
396,Geraint Thomas waved at me! ,38.66,2.37,3077.43,154.8,221.0,2022-01-25,1
397,üßç‚Äç‚ôÇÔ∏è,91.16,6.25,9032.15,153.6,195.0,2022-01-22,5
398,Afternoon Ride,31.65,2.16,2650.92,146.0,208.0,2022-01-19,2
399,Afternoon Ride,23.94,1.69,2312.99,145.9,213.0,2022-01-19,2
400,Morning Ride,26.68,1.79,2001.31,136.3,172.0,2022-01-16,6
401,Morning Ride,73.58,5.03,8090.55,157.2,210.0,2022-01-15,5
402,Collecting my marbles which is difficult because marbles are slippery and hard to collect ,29.31,2.04,2322.83,145.2,215.0,2022-01-13,3
403,Started off the ride by slamming into a parked cars mirror and then proceeding to get a totally unrelated flat ,44.87,3.14,4025.59,148.7,181.0,2022-01-12,2
404,Morning spin with Oleg ,31.0,2.3,2549.21,,175.0,2022-01-11,1
405,Afternoon Ride,18.21,1.34,1338.58,,153.0,2022-01-10,0
406,Afternoon Ride,6.74,0.38,344.49,,232.0,2022-01-08,5
407,Finally got dat coveted bike fit ,19.65,1.19,1095.8,,204.0,2022-01-07,4
408,Afternoon Ride,14.49,1.2,616.8,,113.0,2022-01-04,1
409,This is absolutely terrifying ,24.12,2.22,2221.13,,,2022-01-02,6
410,Forget everything I‚Äôve said about MTB this shit cool as hell ,13.36,1.3,977.69,,,2022-01-01,5
411,Mike‚Äôs Bikes Ride ,57.97,3.77,5462.6,,218.0,2021-12-31,4
412,Rounding off my rapha festive 500 totals ,17.53,1.41,908.79,,121.0,2021-12-30,3
413,Lunch Activity,18.65,2.24,12242.78,,,2021-12-25,5
414,Lunch Activity,13.37,1.68,9040.35,,,2021-12-24,4
415,Strava should add a dislike button but you didn‚Äôt hear it from me ,20.08,1.21,1427.17,,233.0,2021-12-21,1
416,"Open your freezer, take off your clothes, and climb in. Also pour some water over yourself while you‚Äôre at it. That‚Äôs how this felt.",33.49,2.1,3097.11,,230.0,2021-12-19,6
417,Rapha trip for jacket purchase ,23.09,1.42,2224.41,,229.0,2021-12-18,5
418,Lunch Activity,20.08,2.39,11562.34,,,2021-12-15,2
419,Lunch Ride,12.54,1.56,7294.62,,,2021-12-13,0
420,Afternoon Ride,34.46,2.13,1167.98,,212.0,2021-12-11,5
421,Evening Ride,10.06,0.85,377.3,,122.0,2021-12-10,4
422,;( ,24.67,1.56,1692.91,,203.0,2021-12-08,2
423,A much unsuccessful and unfortunate Nichols ride ,50.71,3.02,3927.17,,207.0,2021-12-05,6
424,I‚Äôm late to class again awwwww lawd ,1.69,0.13,170.6,,235.0,2021-12-03,4
425,Morning Ride,26.25,1.64,337.93,,175.0,2021-12-03,4
426,Liz‚Äôs Burger turned taco night adventure (adventure series part 3),21.23,1.59,692.26,,154.0,2021-12-03,4
427,Back (home?),66.8,3.97,4527.56,,201.0,2021-11-30,1
428,Increasing intensity intervals ,59.2,3.91,4041.99,,196.0,2021-11-28,6
429,Spinning the legs with the pops ,21.86,1.81,1227.03,,167.0,2021-11-27,5
430,Afternoon Ride,6.43,0.41,485.56,,237.0,2021-11-27,5
431,Afternoon Ride,16.73,1.3,1069.55,,186.0,2021-11-25,3
432,"My strava feed reflects how everybody had a productive Sunday on the bike, but I woke up at 1 and did 6 miles at 70 watts to eat Greek food with slava",14.61,1.05,597.11,,133.0,2021-11-21,6
433,FarSport wheels sponsor photo shoot,49.72,3.82,5898.95,,172.0,2021-11-20,5
434,The adventure series part 2: Thai food and griffith observatory ,31.12,2.17,1699.48,,174.0,2021-11-20,5
435,3X15 Min @270W ,53.94,3.54,4458.66,,202.0,2021-11-16,1
436,Nichols and coffee ,31.77,1.9,2135.83,,197.0,2021-11-14,6
437,NOW + Latigo ,71.95,4.18,5505.25,,205.0,2021-11-13,5
438,The adventure series: part 1 ,14.44,1.58,259.19,,98.0,2021-11-13,5
439,IM LATE TO CLASS AHHHHHHH,1.57,0.11,157.48,,234.0,2021-11-12,4
440,6X5min @ 265W,27.55,1.64,1811.02,,199.0,2021-11-12,4
441,I am quite literally about to quit this sport ,49.55,3.38,4776.9,,184.0,2021-11-11,3
442,Morning Ride,40.6,2.67,3244.75,,200.0,2021-11-09,1
443,Morning Ride,86.62,5.25,6295.93,,195.0,2021-11-06,5
444,Afternoon Ride,4.75,0.36,104.99,,133.0,2021-11-06,5
445,Coffee and Topanga ,27.51,1.67,1263.12,,190.0,2021-11-05,4
446,Slava dragged me up latigo ,66.41,4.06,5108.27,,197.0,2021-11-04,3
447,Debut of the new stallion ,31.11,2.01,2509.51,,,2021-11-02,1
448,Lunch Ride,25.86,1.51,1364.83,,,2021-10-21,3
449,6X5min Zone 3 Intervals ,25.86,1.62,2076.77,,,2021-10-20,2
450,Morning Ride,24.29,1.8,1781.5,,,2021-10-19,1
451,Morning Ride,33.48,2.12,2083.33,,,2021-10-17,6
452,Morning Ride,17.21,1.03,1197.51,,,2021-10-16,5
453,Morning Ride,9.12,0.71,544.62,,,2021-10-16,5
454,Morning Ride,14.02,0.94,590.55,,,2021-10-15,4
455,Morning Ride,23.81,1.57,2096.46,,,2021-10-13,2
456,Lunch Ride,32.25,3.2,3179.13,,,2021-10-10,6
457,Nichols ,25.1,1.51,1994.75,,,2021-10-10,6
458,SF temperature got me feeling some typa way,93.63,6.08,7844.49,,,2021-10-09,5
459,Solo Mandy ,28.27,1.59,2217.85,,,2021-10-07,3
460,Conversational spin ,41.3,3.14,3034.78,,,2021-10-03,6
461,You know what? I‚Äôll leave this cycling thing to the big boys. ,68.55,4.24,5905.51,,,2021-10-02,5
462,Coffee ride ,19.33,1.35,1236.88,,,2021-10-01,4
463,Morning Ride,38.02,2.38,3622.05,,,2021-09-30,3
464,Morning Ride,30.91,2.16,2349.08,,,2021-09-28,1
465,Saturday shenanigans w/ the UCLA circus ,82.43,5.36,5813.65,,,2021-09-25,5
466,Le coffee ride ,14.57,1.17,738.19,,,2021-09-24,4
467,Morning Ride,49.19,3.17,3805.77,,,2021-09-22,2
468,Intervals ,51.08,3.39,4645.67,,,2021-09-21,1
469,Difficult to party in college when you have an 8am hammer-fest up Mandy.  ,39.68,2.73,3202.1,,,2021-09-20,0
470,UCLA team welcome ,42.55,2.97,2073.49,,,2021-09-18,5
471,Commute ,9.29,0.63,741.47,,,2021-09-17,4
472,Lunch Ride,57.92,3.74,5236.22,,,2021-09-16,3
473,Bienvenidos a LA ,28.39,2.54,4429.13,,,2021-09-14,1
474,"Peace out SF, see ya in December ‚úåÔ∏è",35.1,2.54,4281.5,,,2021-09-11,5
475,Recovery spin ,18.77,1.81,1381.23,,,2021-09-09,3
476,NEW WHEEL DAY!!,58.29,3.76,5475.72,,,2021-09-08,2
477,Night Ride,0.18,0.05,0.0,50.0,,2021-09-06,0
478,Morning Ride,105.31,7.62,9120.74,,,2021-09-04,5
479,JSV Cruiser ,34.85,2.3,3231.63,,,2021-09-03,4
480,T-shirt San Bruno ,14.33,1.55,1620.73,,,2021-09-01,2
481,Chill ride with dad ,13.28,1.29,856.3,,,2021-08-31,1
482,Point Bonita & Fish n Chips w/ Aaron,35.33,3.01,3471.13,,,2021-08-29,6
483,Afternoon Ride,29.61,1.74,2043.96,,,2021-08-28,5
484,"Montebello, Bohlman, Hwy 9 ",82.18,6.37,10328.08,,,2021-08-23,0
485,Lunch Ride,19.6,1.55,557.74,,,2021-08-22,6
486,Afternoon Ride,24.31,1.63,2273.62,,,2021-08-21,5
487,JSV Group Ride ,31.48,2.07,2808.4,,,2021-08-20,4
488,Carson Pass and Blue Lakes ,36.77,2.23,3044.62,,,2021-08-15,6
489,Solo Lake Loop,71.44,3.96,3569.55,,,2021-08-14,5
490,Diamond valley race ,22.88,1.19,1272.97,,,2021-08-13,4
491,Dropping off my Pas Normal bibs at UPS ,13.43,0.77,236.22,,,2021-08-10,1
492,Silverfork Gas Station ,55.76,3.52,4691.6,,,2021-08-09,0
493,Quick Emerald ,18.05,1.02,1299.21,,,2021-08-09,0
494,Friday Morning Casual ,31.15,2.03,2765.75,,,2021-08-06,4
495,Afternoon Ride,20.26,1.91,866.14,,,2021-08-05,3
496,Conversational pace w/ Lucas ,30.49,2.0,1975.07,,,2021-08-02,0
497,Tam Solo,73.01,5.06,6837.27,,,2021-07-31,5
498,JSV Ride ,33.42,2.24,2775.59,,,2021-07-30,4
499,Lunch Ride,19.66,1.39,2329.4,,,2021-07-29,3
500,Afternoon Ride,30.9,1.98,2500.0,,,2021-07-28,2
501,Afternoon Ride,18.58,1.61,3385.83,,,2021-07-26,0
502,Mt Rose ,53.42,3.38,3566.27,,,2021-07-23,4
503,To Emerald with Kirt ,16.69,0.94,1089.24,,,2021-07-22,3
504,Coffee with Aaron ,25.73,2.09,2690.29,,,2021-07-20,1
505,Lunch Ride,24.19,1.77,1322.18,,,2021-07-18,6
506,Lunch Ride,45.06,3.56,5606.96,,,2021-07-12,0
507,When everything goes to shit ,89.97,5.76,2066.93,,,2021-07-10,5
508,Amateur climber dabbles in California flatland ,121.98,7.38,2539.37,,,2021-07-08,3
509,Eldred street: steepest street in California and 3rd steepest in the US ,0.14,0.03,127.95,,,2021-07-08,3
510,Wahoo died ,6.81,0.44,638.45,,,2021-07-04,6
511,Nichols ride and then some,57.1,3.68,4698.16,,,2021-07-04,6
512,Morning Ride,25.19,2.21,3156.17,,,2021-07-03,5
513,Le UCLA exploration coffee ride ,19.93,1.97,1935.7,,,2021-07-02,4
514,Lunch Ride,32.68,2.54,3822.18,,,2021-07-01,3
515,Nichols ,24.71,1.62,2542.65,,,2021-06-30,2
516,Chill Mandeville with Mark ,36.74,2.81,3408.79,,,2021-06-29,1
517,Mark‚Äôs classic ride ,12.38,1.22,1473.1,,,2021-06-29,1
518,SoCal dreaming part 2,20.66,1.43,2053.81,,,2021-06-28,0
519,Race - Draft Partner ,17.25,0.94,774.28,,,2021-06-25,4
520,Meyers - Luther - Blue Lakes,61.8,3.83,4028.87,,,2021-06-22,1
521,Picking up Leon‚Äôs boat ,20.27,1.29,1404.2,,,2021-06-21,0
522,Emerald PR,16.89,0.92,1046.59,,,2021-06-17,3
523,Cycling season has officially begun  ,39.32,2.9,3126.64,,,2021-06-12,5
524,Triathlon run ,2.89,0.45,153.54,,,2021-06-05,5
525,Triathlon Bike,10.25,0.57,715.22,,,2021-06-05,5
526,Triathlon recon ,14.06,0.94,1036.75,,,2021-06-05,5
527,The Monday casual ,27.72,2.12,4078.08,,,2021-05-31,0
528,Hard ride in honor of Bernal‚Äôs victory ,14.07,1.42,1643.7,,,2021-05-30,6
529,Afternoon Ride,25.29,1.73,2834.65,,,2021-05-29,5
530,Afternoon Ride,12.56,1.13,669.29,,,2021-05-24,0
531,Page Mill Reunion ,62.9,4.63,6440.29,,,2021-05-22,5
532,Afternoon Ride,25.45,1.63,1814.3,,,2021-05-21,4
533,The Monday casual ,22.3,1.65,3008.53,,,2021-05-17,0
534,20 Min FTP Test,7.77,0.33,0.0,,256.0,2021-05-15,5
535,Afternoon Ride,15.44,1.19,2326.12,,,2021-05-12,2
536,Lunch Run ,2.86,0.51,203.41,,,2021-05-11,1
537,"Truthfully, Twin Peaks and I are quite fond of each other ",29.37,2.14,4107.61,,,2021-05-10,0
538,Getting my ass kicked by the Kingsbury climb  ,42.62,2.54,2959.32,,,2021-05-08,5
539,Back in paradise ,24.62,1.46,2080.05,,,2021-05-05,2
540,Between Lectures ,17.93,1.42,2522.97,,,2021-04-27,1
541,Afternoon breather ,29.86,2.11,3005.25,,,2021-04-24,5
542,Morning Ride,76.73,5.83,9744.09,,,2021-04-10,5
543,Just taking it slow ,19.1,1.37,2106.3,,,2021-04-06,1
544,Afternoon Ride,30.16,2.36,4235.56,,,2021-04-03,5
545,Afternoon Ride,17.71,1.57,679.13,,,2021-04-02,4
546,Pain. Suffering even. ,57.09,3.6,3192.26,,,2021-03-31,2
547,Run #3,4.53,0.72,280.18,,,2021-03-31,2
548,Don‚Äôt give this a kudos ,8.84,0.53,439.63,,,2021-03-30,1
549,"Y‚Äôknow, I‚Äôm not one for negative gain, but Oüê≥",82.94,5.9,7680.45,,,2021-03-27,5
550,Afternoon Run ,3.82,0.62,34.12,160.5,,2021-03-26,4
551,Recovery,11.97,1.23,816.93,,,2021-03-25,3
552,Lost in the forest ,90.13,6.51,9783.46,,,2021-03-23,1
553,Run #2,3.12,0.47,172.57,,,2021-03-21,6
554,"Swift Team, then with Nicolas and Douglas ",25.99,1.54,1617.45,,,2021-03-20,5
555,Morning Ride,18.59,1.31,1279.53,,,2021-03-20,5
556,Triathlon training: 1st run ,3.3,0.72,0.0,,,2021-03-19,4
557,Have lost all desire to charm strava followers with quirky workout names ,19.94,1.44,2109.58,152.8,,2021-03-19,4
558,Afternoon Ride,17.48,1.25,2201.44,,,2021-03-17,2
559,Afternoon Ride,11.3,1.22,629.92,,,2021-03-16,1
560,Afternoon Ride,14.6,1.05,1725.72,,,2021-03-16,1
561,"Uh oh, clean up on aisle five ",77.15,5.7,8887.8,,,2021-03-06,5
562,Are we there yet? ,27.21,2.15,3375.98,,,2021-03-05,4
563,Sunset at UCLA ,15.32,1.14,1722.44,,,2021-03-05,4
564,Morning Ride,10.54,0.95,1420.6,,,2021-03-04,3
565,3 Canyons ,30.36,2.74,4186.35,,,2021-03-02,1
566,Recovery ,34.04,2.09,2083.33,,,2021-03-01,0
567,Fernwood Rendezvous ,74.1,5.77,7719.82,,,2021-02-27,5
568,Man. It feels good. ,41.97,3.0,4245.41,,,2021-02-25,3
569,Afternoon Ride,6.21,0.51,328.08,,,2021-02-25,3
570,Southern California Dreaming ,20.09,1.34,2106.3,,,2021-02-24,2
571,POV: you‚Äôre a cyclist on the road and I give you a little ‚úåÔ∏èüòò,24.84,1.65,2158.79,,,2021-02-21,6
572,"If penguins attend a wedding, do they need to wear tuxedos? ",63.49,4.02,3172.57,,,2021-02-20,5
573,Bike shop ,13.24,0.85,521.65,,,2021-02-18,3
574,Evening Ride,3.87,0.68,170.6,,,2021-02-18,3
575,Ahhh...never mind ,8.4,0.59,846.46,,,2021-02-16,1
576,Afternoon Ride,18.26,1.24,1624.02,,,2021-02-14,6
577,Pretty in pink ,22.54,1.63,2473.75,,,2021-02-13,5
578,Peculiar Prancing Penguins ,15.16,1.05,1145.01,,,2021-02-11,3
579,Dancing Space Monkey ,21.52,1.56,2103.02,,,2021-02-07,6
580,Afternoon Ride,34.22,2.51,2368.77,,,2021-02-06,5
581,Monday ,60.64,4.7,6305.77,,,2021-01-18,0
582,Wahoo Died,39.34,2.84,3914.04,,,2021-01-16,5
583,Needed to do a little car surfing ,9.53,0.62,652.89,,,2021-01-15,4
584,City Lap,16.91,1.11,1233.6,,,2021-01-12,1
585,"Ballin, but at what cost? ",76.91,5.55,5495.41,,,2021-01-09,5
586,I have the VO2 max of a leprechaun ,22.37,1.55,1935.7,,,2021-01-05,1
587,I‚Äôm back and worse than ever üòÖ,22.34,1.48,1282.81,,,2021-01-03,6
588,*Sigh*,22.34,1.4,1236.88,,,2020-12-12,5
589,Observing Christmas Decorations ,13.7,0.92,771.0,,,2020-12-09,2
590,Life‚Äôs better in the anaerobic zone ,19.32,1.71,3044.62,,,2020-12-05,5
591,Quicky Before Class ,11.16,0.75,1128.61,,,2020-12-01,1
592,2 Runs at Heavenly ,8.08,0.93,3882.87,,,2020-11-30,0
593,Sunset Rendezvous ,17.35,1.09,1174.54,,,2020-11-28,5
594,Thankful for wish.com and it‚Äôs $10 cycling jerseys ,50.64,4.19,2726.38,,,2020-11-26,3
595,Lunch Ride,18.11,1.48,882.55,,,2020-11-22,6
596,I have returned ,27.6,1.82,2129.27,,,2020-11-21,5
597,27% Anyone? ,21.32,1.42,1610.89,,,2020-11-14,5
598,Quite Chilly ,64.32,4.61,6437.01,,,2020-11-07,5
599,And so it goes ,15.71,0.98,1108.92,,,2020-11-05,3
600,Recovery Ride with the Pops,30.6,2.81,2365.49,,,2020-11-01,6
601,Happy Halloween üéÉ,57.49,4.56,6509.19,163.2,,2020-10-31,5
602,Morning Ride,16.92,1.04,1148.29,,,2020-10-27,1
603,Trip to Da Bike Shop ,18.01,1.08,1181.1,,,2020-10-26,0
604,First Time Paradise ,62.1,4.11,3543.31,,,2020-10-23,4
605,My Jersey is Too Long,16.93,1.14,1404.2,,,2020-10-23,4
606,Decided to post only because of the elev gain ,12.44,0.82,666.01,,,2020-10-22,3
607,On the Road Again ,15.57,1.39,2529.53,,,2020-10-20,1
608,Chill Recovery Ride ,101.8,7.03,6794.62,,,2020-10-17,5
609,Chill Hill Repeats,26.61,1.97,2516.4,,,2020-10-15,3
610,Morning Ride ,29.79,1.8,1873.36,,,2020-10-14,2
611,Short Spin ,18.19,1.17,1276.25,,,2020-10-13,1
612,"If you like pi√±a coladas, and getting caught in the rain ",81.91,5.86,6528.87,,,2020-10-10,5
613,"If animals could speak, would they speak Italian? ",22.33,1.53,1922.57,,,2020-10-08,3
614,Quick Study Break ,18.5,1.19,1679.79,,,2020-10-07,2
615,Quick Power Ride ,10.47,0.68,990.81,,,2020-10-05,0
616,Afternoon Ride,14.92,1.24,577.43,,,2020-10-04,6
617,Hawk and Sausalito ü§©,38.26,2.57,3208.66,,,2020-10-03,5
618,Short and Hilly ,11.25,0.76,1190.94,,,2020-10-02,4
619,Welcome to UCLA ,18.12,1.02,728.35,,,2020-10-01,3
620,"Endurance, Where Are You? ",65.71,5.16,5541.34,,,2020-09-28,0
621,"Recovery From Friday, Warmup For Tomorrow",38.99,2.74,2496.72,,,2020-09-27,6
622,Evening Marin Sprint ,37.8,2.55,3143.04,,,2020-09-26,5
623,In need of biking buddies ,19.81,1.44,1473.1,,,2020-09-23,2
624,Sunset Ride üåô,24.72,1.61,1907.81,,,2020-09-22,1
625,Lunch Ride,6.52,0.54,538.06,,,2020-09-20,6
626,Afternoon Ride,9.83,1.58,675.85,,,2020-09-19,5
627,Afternoon Ride,18.14,1.14,902.23,,,2020-09-18,4
628,Recovery ,15.63,1.1,1253.28,,,2020-09-17,3
629,City + Hawk Hill ,52.41,3.8,4209.32,,,2020-09-15,1
630,Afternoon Ride ,18.36,1.52,557.74,,,2020-09-13,6
631,September Heat,53.54,4.05,2808.4,,,2020-09-06,6
632,Short,13.03,1.07,590.55,,,2020-09-04,4
633,City Joyride ,19.47,1.3,1473.1,,,2020-09-03,3
634,Night Ride,1.7,0.08,6.56,,,2020-09-03,3
635,Afternoon Ride,1.77,0.18,318.24,,,2020-09-02,2
636,Recovery ,15.6,1.06,1400.92,,,2020-09-01,1
637,"Same shit, but counter-clockwise ",71.9,4.51,4332.35,,,2020-08-31,0
638,Relaxing Ride with 2 KOM ‚ÄúAttempts‚Äù,14.36,1.03,1108.92,,,2020-08-21,4
639,Recovery ,17.63,1.21,1430.45,,,2020-08-18,1
640,Lake Ride Number 5 ,71.86,4.47,4310.04,,,2020-08-17,0
641,Morning Ride,17.26,1.1,1108.92,,,2020-08-16,6
642,Morning Ride,33.97,2.36,2237.53,,,2020-08-15,5
643,Morning Ride,45.61,2.98,2536.09,,,2020-08-13,3
644,Blue Lakes Time Trial ,22.69,1.32,1650.26,,,2020-08-10,0
645,Carson Pass ,21.35,1.65,2319.55,,,2020-08-08,5
646,Tahoe Grand Fondo (and 10 more) ,70.96,4.41,4272.64,,,2020-08-06,3
647,Post TT ride with Leon ,29.54,2.29,2296.59,,,2020-08-04,1
648,Morning Ride,10.55,0.53,456.04,,,2020-08-04,1
649,Headlands + Tam,75.05,5.89,7030.84,,,2020-07-31,4
650,Recovery? Warmup? Boredom? ,20.0,1.78,1679.79,,,2020-07-31,4
651,Headlands ,28.6,2.14,3057.74,,,2020-07-29,2
652,"Intervals, ‚ÄúClimbing‚Äù, Recovery ",34.25,2.51,2424.54,,,2020-07-28,1
653,Fernwood and Piuma ,64.06,5.51,6663.39,,,2020-07-26,6
654,Griffith Park,36.59,2.92,2657.48,,,2020-07-25,5
655,Morning Run,2.56,0.42,124.02,,,2020-07-24,4
656,Mt Tam: Counter Clockwise ,69.35,5.08,6128.61,,,2020-07-18,5
657,Lunch Run,4.14,0.71,177.17,,,2020-07-17,4
658,Why is it so COLD,29.77,2.55,1758.53,,,2020-07-16,3
659,Short Ride...Idk? ,13.22,0.9,915.35,,,2020-07-14,1
660,115¬∞ F ,24.07,2.35,994.09,,,2020-07-12,6
661,Mt. Tam N√∫mero Tres ,65.55,4.97,5715.22,,,2020-07-08,2
662,Short t-shirt ride ,20.62,1.97,1345.14,,,2020-07-07,1
663,4th of July City Ride ,24.06,1.93,1692.91,,,2020-07-04,5
664,Recovery Ride,20.96,1.42,1499.34,,,2020-07-03,4
665,Hundred ,100.13,6.89,5482.28,,,2020-06-29,0
666,I‚Äôm back ü§†,21.79,1.7,2260.5,,,2020-06-27,5
667,Meeks Bay ,39.17,2.5,2624.67,,,2020-06-17,2
668,Recovery/Climbing ,28.79,1.8,1961.94,,,2020-06-13,5
669,Last Nights Dinner ,16.83,1.03,1158.14,,,2020-06-12,4
670,Blue Lakes ü¶ã,23.24,1.49,1692.91,,,2020-06-10,2
671,"Fredericksburgs, we meet again ",20.68,1.37,1227.03,,,2020-06-08,0
672,Alta Alpina Time Trial ,13.2,0.66,721.78,,,2020-06-08,0
673,Viento ,75.49,5.42,5452.76,,,2020-06-06,5
674,Mt. Tam part deux ,63.99,4.84,5147.64,,,2020-06-04,3
675,Morning Ride,15.56,1.18,882.55,,,2020-06-02,1
676,6 am ride with SF Cycling Club minus the SF Cycling Club ,20.69,1.39,1804.46,150.8,,2020-06-02,1
677,City Ride ,34.44,2.15,1699.48,156.6,,2020-06-01,0
678,The road to nowhere ,51.72,3.91,4340.55,,,2020-05-29,4
679,"Peter Sagan, better watch out buddy ",71.75,4.52,4208.33,,,2020-05-27,2
680,Sunday Funday ,46.9,4.5,2896.98,,,2020-05-24,6
681,Monta√±a de Tamalpais ,72.3,6.34,7063.65,,,2020-05-22,4
682,Officially done with AP's and high school !!,23.89,2.3,2007.87,,,2020-05-21,3
683,Relaxing ride after AP test ,23.18,1.84,1781.5,,,2020-05-19,1
684,Stanford rejected me so we had to pay them a little visit ü§•,71.1,5.0,3720.47,153.0,,2020-05-15,4
685,-mgsinŒ∏-mgcosŒ∏(Œº)+ F(legs) = ma (where a is very small and Œ∏ is very large   ,33.1,2.91,3215.22,141.1,,2020-05-08,4
686,Wood pushing for Mexico 2.0 ,47.02,3.49,3188.98,145.3,,2020-05-07,3
687,Quick ride before Spanish class ,40.47,2.89,3267.72,156.5,,2020-05-06,2
688,Recovery Ride w/ the boys ,30.03,2.95,2050.52,,,2020-05-05,1
689,Evening Marin Sprint ,28.89,2.01,2247.38,165.8,,2020-05-05,1
690,Afternoon Ride,12.6,1.54,1551.84,135.0,,2020-05-03,6
691,ü§™ü•≥ü•∞ü§ì,26.97,2.04,1845.8,,,2020-02-17,0
692,Pops and I ,17.87,1.88,976.38,,,2020-02-16,6
693,Saturday‚Äôs are for the bike ,42.96,3.3,2972.44,,,2020-01-18,5
694,Lunch Ride,5.6,1.43,2165.35,,,2020-01-11,5
695,"$16,300 Ride ",23.35,1.74,1492.78,145.1,,2019-07-25,3
696,Around Lake Tahoe,73.37,6.08,4438.32,,,2018-08-08,2
697,Morning Ride,54.84,4.34,3353.02,,,2017-09-23,5
698,Lunch Ride,11.31,0.85,482.28,,,2017-09-09,5
699,Afternoon Ride,20.22,1.57,780.84,,,2017-09-03,6
700,Morning Ride,9.9,0.69,357.61,173.0,,2017-09-02,5
701,Morning Ride,60.21,5.24,3887.8,159.3,,2017-08-08,1
702,Eugene and Mark (7-18-17),66.75,6.11,5267.72,,,2017-07-18,1
703,Father's Day! Strava stopped recording for 10 miles. About 54/55 miles total  ,45.26,4.74,2535.76,,,2017-06-18,6
704,Mt. Tam and Marin Headlands ,46.0,4.56,3534.12,,,2017-06-10,5
705,1st day of summer ,19.52,1.48,580.71,,,2017-05-27,5
706,Marina sprint ,51.52,4.67,2534.45,,,2017-05-13,5
707,Afternoon Ride,24.73,2.5,1143.04,,,2017-05-07,6
708,Sausalito and back ,32.96,2.98,2132.55,,,2017-05-06,5
709,Afternoon Ride,26.81,2.97,1689.96,,,2017-04-30,6
710,Afternoon Ride,22.87,2.77,1117.78,,,2017-04-09,6
711,Afternoon Ride,26.87,2.79,1674.54,,,2017-04-02,6
712,Spring break ,19.73,1.93,1157.15,,,2017-03-25,5
713,Michael and Max --- 3/11/17,22.2,2.99,1054.13,,,2017-03-11,5
714,Thanksgiving ride ,15.79,1.79,1328.74,,,2016-11-24,3
715,Afternoon Ride,10.4,1.05,484.25,,,2016-11-23,2
716,Veterans Day weekend --- phone dies and 5 mikes to go ,17.12,1.91,1077.76,,,2016-11-13,6
717,Dad tried to kill me ,17.07,1.74,948.49,,,2016-08-04,3
