,Athlete Page
0,https://www.strava.com/athletes/1029120
1,https://www.strava.com/athletes/5594086
2,https://www.strava.com/athletes/21429819
3,https://www.strava.com/pros/tom_pidcock
4,https://www.strava.com/athletes/259209
5,https://www.strava.com/athletes/242778
6,https://www.strava.com/athletes/4532319
7,https://www.strava.com/athletes/2644812
8,https://www.strava.com/athletes/233351
9,https://www.strava.com/pros/sam-boardman-6174220
20,https://www.strava.com/athletes/408765
21,https://www.strava.com/athletes/8191668
22,https://www.strava.com/athletes/61832293
23,https://www.strava.com/athletes/207060
24,https://www.strava.com/athletes/34409121
30,https://www.strava.com/athletes/2170364
32,https://www.strava.com/athletes/29127886
33,https://www.strava.com/athletes/67093810
34,https://www.strava.com/athletes/282426
35,https://www.strava.com/athletes/283349
36,https://www.strava.com/athletes/43161349
37,https://www.strava.com/athletes/42820201
38,https://www.strava.com/athletes/2868438
39,https://www.strava.com/athletes/42575743
48,https://www.strava.com/athletes/1891210
49,https://www.strava.com/athletes/827639
50,https://www.strava.com/athletes/58871860
51,https://www.strava.com/athletes/1686723
52,https://www.strava.com/athletes/1021521
53,https://www.strava.com/athletes/49215191
60,https://www.strava.com/athletes/2155697
61,https://www.strava.com/athletes/32199328
62,https://www.strava.com/athletes/112078
63,https://www.strava.com/athletes/1337189
64,https://www.strava.com/athletes/256254
70,https://www.strava.com/athletes/1852091
71,https://www.strava.com/athletes/419340
72,https://www.strava.com/athletes/28626466
73,https://www.strava.com/athletes/18406419
74,https://www.strava.com/athletes/760745
75,https://www.strava.com/athletes/153402
76,https://www.strava.com/athletes/4911512
77,https://www.strava.com/athletes/154136
86,https://www.strava.com/athletes/2863301
88,https://www.strava.com/pros/sean-quinn-5798962
89,https://www.strava.com/athletes/15000528
90,https://www.strava.com/athletes/803731
91,https://www.strava.com/athletes/10572331
92,https://www.strava.com/athletes/2744583
93,https://www.strava.com/athletes/60047960
94,https://www.strava.com/athletes/849785
95,https://www.strava.com/athletes/29357302
96,https://www.strava.com/athletes/513625
106,https://www.strava.com/athletes/5875016
107,https://www.strava.com/athletes/571689
108,https://www.strava.com/athletes/497379
109,https://www.strava.com/athletes/124671483
110,https://www.strava.com/athletes/14197582
111,https://www.strava.com/pros/kingiz
112,https://www.strava.com/athletes/12144571
113,https://www.strava.com/athletes/22435464
122,https://www.strava.com/athletes/5875016
123,https://www.strava.com/athletes/497379
124,https://www.strava.com/athletes/571689
125,https://www.strava.com/athletes/14197582
126,https://www.strava.com/athletes/124671483
127,https://www.strava.com/pros/kingiz
134,https://www.strava.com/athletes/124671483
135,https://www.strava.com/athletes/5875016
136,https://www.strava.com/athletes/571689
137,https://www.strava.com/athletes/14197582
138,https://www.strava.com/athletes/497379
139,https://www.strava.com/athletes/22435464
140,https://www.strava.com/pros/kingiz
148,https://www.strava.com/athletes/5875016
149,https://www.strava.com/athletes/571689
150,https://www.strava.com/athletes/14197582
151,https://www.strava.com/athletes/124671483
152,https://www.strava.com/athletes/497379
153,https://www.strava.com/pros/kingiz
154,https://www.strava.com/athletes/22435464
155,https://www.strava.com/athletes/111335
156,https://www.strava.com/athletes/16537
157,https://www.strava.com/athletes/147896
168,https://www.strava.com/pros/kerry_werner
169,https://www.strava.com/pros/spaxson
170,https://www.strava.com/athletes/5838343
171,https://www.strava.com/athletes/4667087
172,https://www.strava.com/athletes/333653
173,https://www.strava.com/athletes/74586809
181,https://www.strava.com/athletes/21345239
182,https://www.strava.com/athletes/46484620
183,https://www.strava.com/athletes/3017024
184,https://www.strava.com/athletes/2539440
185,https://www.strava.com/athletes/229825
186,https://www.strava.com/athletes/5603779
187,https://www.strava.com/athletes/14197582
188,https://www.strava.com/athletes/54311802
189,https://www.strava.com/athletes/497379
190,https://www.strava.com/athletes/33002755
201,https://www.strava.com/athletes/21345239
202,https://www.strava.com/athletes/3017024
205,https://www.strava.com/athletes/5875016
206,https://www.strava.com/athletes/571689
207,https://www.strava.com/athletes/124671483
208,https://www.strava.com/athletes/14197582
209,https://www.strava.com/athletes/497379
210,https://www.strava.com/athletes/22435464
211,https://www.strava.com/athletes/14748398
212,https://www.strava.com/athletes/22874128
213,https://www.strava.com/athletes/22573149
214,https://www.strava.com/pros/kingiz
241,https://www.strava.com/athletes/5350307
242,https://www.strava.com/athletes/2095734
243,https://www.strava.com/athletes/2379860
244,https://www.strava.com/athletes/347467
245,https://www.strava.com/athletes/3350998
246,https://www.strava.com/athletes/763419
247,https://www.strava.com/athletes/3550278
255,https://www.strava.com/athletes/5350307
256,https://www.strava.com/athletes/6162208
257,https://www.strava.com/athletes/2868438
258,https://www.strava.com/athletes/1338919
259,https://www.strava.com/athletes/1021133
260,https://www.strava.com/athletes/27367900
261,https://www.strava.com/athletes/14131713
262,https://www.strava.com/athletes/43161349
263,https://www.strava.com/athletes/11417793
274,https://www.strava.com/athletes/5350307
275,https://www.strava.com/athletes/6162208
276,https://www.strava.com/athletes/2868438
277,https://www.strava.com/athletes/27367900
278,https://www.strava.com/athletes/14131713
279,https://www.strava.com/athletes/1021133
280,https://www.strava.com/athletes/1338919
288,https://www.strava.com/athletes/283349
289,https://www.strava.com/athletes/3550278
290,https://www.strava.com/athletes/2095734
291,https://www.strava.com/athletes/6540482
292,https://www.strava.com/athletes/1317988
293,https://www.strava.com/athletes/1023665
294,https://www.strava.com/athletes/1049431
302,https://www.strava.com/athletes/2868438
303,https://www.strava.com/athletes/233351
304,https://www.strava.com/athletes/283349
309,https://www.strava.com/athletes/12201
310,https://www.strava.com/athletes/165998
311,https://www.strava.com/athletes/5078919
312,https://www.strava.com/athletes/12962357
313,https://www.strava.com/athletes/73117218
314,https://www.strava.com/athletes/4637395
315,https://www.strava.com/athletes/252494
316,https://www.strava.com/athletes/56712659
317,https://www.strava.com/athletes/753502
318,https://www.strava.com/athletes/33543585
329,https://www.strava.com/athletes/2123428
330,https://www.strava.com/athletes/3016521
331,https://www.strava.com/athletes/2657556
332,https://www.strava.com/athletes/7281
333,https://www.strava.com/athletes/771179
334,https://www.strava.com/athletes/287061
335,https://www.strava.com/athletes/59565
336,https://www.strava.com/athletes/154950
345,https://www.strava.com/athletes/283349
346,https://www.strava.com/athletes/2868438
347,https://www.strava.com/athletes/3550278
348,https://www.strava.com/athletes/233351
349,https://www.strava.com/athletes/67093810
350,https://www.strava.com/athletes/29127886
351,https://www.strava.com/athletes/4415409
359,https://www.strava.com/athletes/320871
360,https://www.strava.com/athletes/22929121
361,https://www.strava.com/athletes/550606
362,https://www.strava.com/athletes/27687234
363,https://www.strava.com/athletes/457976
373,https://www.strava.com/athletes/1021133
374,https://www.strava.com/athletes/269976
375,https://www.strava.com/athletes/2130159
376,https://www.strava.com/athletes/6007540
381,https://www.strava.com/athletes/76614
382,https://www.strava.com/athletes/67716341
383,https://www.strava.com/athletes/142320
384,https://www.strava.com/athletes/15003
385,https://www.strava.com/athletes/15063572
386,https://www.strava.com/athletes/10206438
387,https://www.strava.com/athletes/19746
388,https://www.strava.com/athletes/24119256
398,https://www.strava.com/athletes/43161349
400,https://www.strava.com/athletes/1021133
401,https://www.strava.com/athletes/269976
402,https://www.strava.com/athletes/2130159
403,https://www.strava.com/athletes/28072
404,https://www.strava.com/athletes/66849275
405,https://www.strava.com/athletes/6007540
406,https://www.strava.com/athletes/35716828
460,https://www.strava.com/athletes/265942
461,https://www.strava.com/athletes/5350307
462,https://www.strava.com/athletes/1136437
463,https://www.strava.com/athletes/22839939
464,https://www.strava.com/athletes/1171764
465,https://www.strava.com/athletes/2498039
466,https://www.strava.com/athletes/2063724
475,https://www.strava.com/athletes/8165
476,https://www.strava.com/athletes/602724
477,https://www.strava.com/athletes/380309
478,https://www.strava.com/athletes/100609
479,https://www.strava.com/athletes/1302185
480,https://www.strava.com/athletes/4534
481,https://www.strava.com/athletes/2543385
482,https://www.strava.com/athletes/62241682
483,https://www.strava.com/athletes/2378581
484,https://www.strava.com/athletes/680917
495,https://www.strava.com/pros/fernando-gaviria-rendon-24644516
496,https://www.strava.com/pros/ikeisse
497,https://www.strava.com/athletes/233351
498,https://www.strava.com/athletes/209645
499,https://www.strava.com/athletes/6591893
505,https://www.strava.com/athletes/5350307
506,https://www.strava.com/athletes/52100032
510,https://www.strava.com/athletes/5350307
511,https://www.strava.com/athletes/6162208
512,https://www.strava.com/athletes/27367900
513,https://www.strava.com/athletes/63525
514,https://www.strava.com/athletes/696397
515,https://www.strava.com/athletes/1947887
516,https://www.strava.com/athletes/194378
517,https://www.strava.com/athletes/1153632
528,https://www.strava.com/athletes/20920619
529,https://www.strava.com/athletes/28194929
530,https://www.strava.com/athletes/4448109
534,https://www.strava.com/athletes/1048784
535,https://www.strava.com/athletes/5056554
536,https://www.strava.com/athletes/163870
537,https://www.strava.com/athletes/1754422
543,https://www.strava.com/athletes/1955722
544,https://www.strava.com/athletes/27468060
545,https://www.strava.com/athletes/26261216
546,https://www.strava.com/athletes/72345272
547,https://www.strava.com/athletes/2100768
570,https://www.strava.com/athletes/2170364
571,https://www.strava.com/athletes/21398338
572,https://www.strava.com/athletes/51933
573,https://www.strava.com/pros/jmcjunkin
574,https://www.strava.com/athletes/1308967
575,https://www.strava.com/athletes/1000603
576,https://www.strava.com/athletes/2449206
577,https://www.strava.com/athletes/6107611
578,https://www.strava.com/athletes/16846590
579,https://www.strava.com/athletes/374490
674,https://www.strava.com/athletes/3017024
675,https://www.strava.com/athletes/21345239
676,https://www.strava.com/athletes/1029120
677,https://www.strava.com/athletes/397791
678,https://www.strava.com/athletes/229825
679,https://www.strava.com/athletes/14197582
680,https://www.strava.com/athletes/54311802
681,https://www.strava.com/athletes/33002755
682,https://www.strava.com/athletes/46484620
683,https://www.strava.com/athletes/34799460
696,https://www.strava.com/athletes/6263860
697,https://www.strava.com/athletes/65336496
698,https://www.strava.com/athletes/149295
699,https://www.strava.com/athletes/62537271
700,https://www.strava.com/athletes/5875016
701,https://www.strava.com/athletes/74781
702,https://www.strava.com/athletes/69329
703,https://www.strava.com/athletes/497379
704,https://www.strava.com/pros/sean-quinn-5798962
705,https://www.strava.com/athletes/5008084
717,https://www.strava.com/athletes/6263860
718,https://www.strava.com/athletes/45025631
719,https://www.strava.com/athletes/5875016
720,https://www.strava.com/athletes/5008084
721,https://www.strava.com/athletes/497009
722,https://www.strava.com/athletes/69329
